{
  "format_version": "1.12.0",
  "minecraft:geometry": [
    {
      "description": {
        "identifier": "geometry.assault_rifle",
        "visible_bounds_width": 2,
        "visible_bounds_height": 2,
        "visible_bounds_offset": [0, 1, 0]
      },
      "bones": [
        {
          "name": "body",
          "pivot": [0, 0, 0],
          "cubes": [
            {
              "origin": [-8, 0, -1],
              "size": [16, 2, 2],
              "uv": [0, 0]
            }
          ]
        }
      ]
    }
  ]
}